tourn_round_id,course_difficulty
100_2017_541_1,73.66355696545517
100_2017_541_2,75.70536099829332
100_2017_541_3,71.3146237224822
100_2017_541_4,72.26214633369078
100_2018_658_1,74.03657392158237
100_2018_658_2,73.75381905100969
100_2018_658_3,71.74969611389257
100_2018_658_4,74.68668510284434
100_2019_885_1,73.53912733586839
100_2019_885_2,71.95278163640407
100_2019_885_3,72.36181543546313
100_2019_885_4,74.52010484084002
100_2021_778_1,70.99432575542802
100_2021_778_2,70.42809046765441
100_2021_778_3,71.55572197859047
100_2021_778_4,70.30906144750378
100_2022_668_1,72.65103877603963
100_2022_668_2,71.58396610352558
100_2022_668_3,71.91677775292695
100_2022_668_4,70.19020657659664
100_2023_724_1,72.86181651861679
100_2023_724_2,72.99810843473078
100_2023_724_3,70.70399037109148
100_2023_724_4,72.79048247317223
100_2024_709_1,74.00202636819333
100_2024_709_2,73.81616636138556
100_2024_709_3,72.36023880517193
100_2024_709_4,72.99186965987595
100_2025_885_1,72.4798628228059
100_2025_885_2,70.79960956987594
100_2025_885_3,70.05036927735674
100_2025_885_4,69.91686224278145
10_2017_734_1,71.84368906087403
10_2017_734_2,72.15710310434008
10_2017_734_3,71.71662251139445
10_2017_734_4,73.92593669984433
10_2018_734_1,73.63216899824687
10_2018_734_2,74.12714911563606
10_2018_734_3,72.10071307612901
10_2018_734_4,72.66583441581884
10_2019_734_1,71.41011638257562
10_2019_734_2,71.96126571114732
10_2019_734_3,71.36939746036647
10_2019_734_4,71.61746624970561
10_2020_734_1,72.32626899476864
10_2020_734_2,72.46935061847138
10_2020_734_3,72.54577728559501
10_2020_734_4,71.74562966518039
10_2021_734_1,71.40707433058485
10_2021_734_2,70.58799248751384
10_2021_734_3,71.68262494871398
10_2021_734_4,71.1179731551481
10_2022_734_1,71.11214237337134
10_2022_734_2,71.37630938967493
10_2022_734_3,72.17726775557642
10_2022_734_4,70.21185786791068
10_2023_734_1,70.24856734504601
10_2023_734_2,69.55063374011985
10_2023_734_3,68.68027229078155
10_2023_734_4,69.4987973326661
10_2024_928_1,68.98176002147697
10_2024_928_2,70.7688490142155
10_2024_928_3,69.69979171624561
10_2024_928_4,68.5488560898631
10_2025_928_1,67.87844284299146
10_2025_928_2,68.72196262284507
10_2025_928_3,68.46422724173254
10_2025_928_4,70.07568462555707
11_2017_11_1,74.77023354241578
11_2017_11_2,75.13675039146064
11_2017_11_3,76.37814802335427
11_2017_11_4,75.98503623757708
11_2018_11_1,73.39511017717979
11_2018_11_2,72.6585454163735
11_2018_11_3,73.4322545721582
11_2018_11_4,71.69185102750693
11_2019_11_1,72.86765898801713
11_2019_11_2,72.40963120880122
11_2019_11_3,72.74785019330508
11_2019_11_4,72.55348507393958
11_2020_11_1,72.18429182744947
11_2021_11_1,74.43862083874276
11_2021_11_2,72.6657643666183
11_2021_11_3,71.8933492203657
11_2021_11_4,72.38277167449304
11_2022_11_1,72.27626962161682
11_2022_11_2,74.83454948732138
11_2022_11_3,71.97264977286866
11_2022_11_4,72.0820090102902
11_2023_11_1,72.80222993919482
11_2023_11_2,73.82392993453806
11_2023_11_3,69.86573072580423
11_2023_11_4,72.43450881926756
11_2024_11_1,71.39875338169765
11_2024_11_2,72.08099193039665
11_2024_11_3,70.41639711798422
11_2024_11_4,71.22166539913908
11_2025_11_1,72.0369374402382
11_2025_11_2,71.12932266548268
11_2025_11_3,73.9312296664763
11_2025_11_4,72.7468156337977
12_2017_12_1,71.73159011680747
12_2017_12_2,72.34899841302402
12_2017_12_3,72.20878669090621
12_2017_12_4,72.97990620511209
12_2018_12_1,72.55837945783759
12_2018_12_2,70.90279318853848
12_2018_12_3,71.34774982323717
12_2018_12_4,72.62663892614563
12_2019_12_1,71.75678715743364
12_2019_12_2,71.8747358054247
12_2019_12_3,71.98231602996847
12_2019_12_4,72.61752908125752
12_2020_12_1,70.8491329547229
12_2020_12_2,69.58350324502554
12_2020_12_3,68.98035410849954
12_2020_12_4,69.66875573787641
12_2021_12_1,70.99627345698597
12_2021_12_2,70.4865296743161
12_2021_12_3,70.53804006265256
12_2021_12_4,70.8571097945883
12_2022_12_1,70.40251756734722
12_2022_12_2,72.55124482581417
12_2022_12_3,69.2171071893641
12_2022_12_4,70.29734496564299
12_2023_12_1,70.55838058764704
12_2023_12_2,69.91700726321741
12_2023_12_3,70.0134272696132
12_2023_12_4,70.4894260692976
12_2024_12_1,69.60597152105598
12_2024_12_2,69.10960419997829
12_2024_12_3,68.96104568363378
12_2024_12_4,70.68203533201087
12_2025_12_1,69.40897203192705
12_2025_12_2,69.44666093599207
12_2025_12_3,69.20658090192511
12_2025_12_4,69.8553985977147
13_2017_752_1,69.53290066760812
13_2017_752_2,69.92702959556192
13_2017_752_3,70.55524901090064
13_2017_752_4,70.0138096587017
13_2018_752_1,69.26858253491476
13_2018_752_2,70.22352339822405
13_2018_752_3,68.6987091358663
13_2018_752_4,68.48371423139041
13_2019_752_1,68.433068833107
13_2019_752_2,68.91449023071051
13_2019_752_3,69.26572925035993
13_2019_752_4,68.44481329620379
13_2020_752_1,69.59362230829002
13_2020_752_2,68.98803413724768
13_2020_752_3,68.32929129293618
13_2020_752_4,69.2981176979262
13_2021_752_1,68.33847194673982
13_2021_752_2,69.61324568668198
13_2021_752_3,69.50416017689065
13_2021_752_4,68.24130194828024
13_2022_752_1,69.2245023367401
13_2022_752_2,69.58580409568498
13_2022_752_3,68.97299080805738
13_2022_752_4,68.04117232176557
13_2023_752_1,69.4254313441266
13_2023_752_2,68.69926735991316
13_2023_752_3,68.47808893222052
13_2023_752_4,69.324975307997
13_2024_752_1,68.10270541574347
13_2024_752_2,68.44533016436549
13_2024_752_3,68.43127750992208
13_2024_752_4,69.07619981375109
13_2025_752_1,67.69196291938886
13_2025_752_2,68.6114271657159
13_2025_752_3,69.55842456715501
13_2025_752_4,68.81199794023459
14_2017_14_1,76.86349525533626
14_2017_14_2,76.59602075773235
14_2017_14_3,74.98019492147498
14_2017_14_4,74.3154278156161
14_2018_14_1,75.02144999448373
14_2018_14_2,75.75530840826067
14_2018_14_3,73.19751352644062
14_2018_14_4,72.40677427043065
14_2019_14_1,73.74914540390078
14_2019_14_2,72.81951279319472
14_2019_14_3,72.07051078117402
14_2019_14_4,72.73168178522585
14_2020_14_1,72.066208932715
14_2020_14_2,72.46869901976828
14_2020_14_3,72.88876947448585
14_2020_14_4,73.281318598405
14_2022_14_1,74.06446086208413
14_2022_14_2,74.7959745886269
14_2022_14_3,75.33715937920985
14_2022_14_4,73.15820017815108
14_2023_14_1,72.33685365958102
14_2023_14_2,73.24446239500188
14_2023_14_3,74.0038969508933
14_2023_14_4,73.56545295203998
14_2024_14_1,73.41291320869635
14_2024_14_2,75.0667444569867
14_2024_14_3,74.54368893773011
14_2024_14_4,72.72447788605172
14_2025_14_1,73.32906396861527
14_2025_14_2,72.42158453634516
14_2025_14_3,72.65815369141507
14_2025_14_4,72.35114683105076
16_2017_656_1,72.45331689052674
16_2017_656_2,72.19092103935424
16_2017_656_3,72.02235431309134
16_2017_656_4,73.19761644517371
16_2018_656_1,73.54573358400333
16_2018_656_2,72.59726995921409
16_2018_656_3,73.03118917763929
16_2018_656_4,72.20043435468675
16_2019_656_1,72.71204862399156
16_2019_656_2,72.76787931783085
16_2019_656_3,72.61160768562436
16_2019_656_4,71.09171835510439
16_2020_656_1,72.67654225232756
16_2020_656_2,73.05626974280827
16_2020_656_3,73.11244351265108
16_2020_656_4,73.93329804361429
16_2021_656_1,70.6511229213648
16_2021_656_2,69.31415144946868
16_2021_656_3,70.02477510753363
16_2021_656_4,71.37823174262053
16_2022_656_1,70.39375014225922
16_2022_656_2,68.59960977062974
16_2022_656_3,68.48964739165211
16_2022_656_4,68.51123291918806
16_2023_656_1,68.8915050525253
16_2023_656_2,70.56739552254894
16_2023_656_3,69.53703278358545
16_2023_656_4,69.21716521902755
16_2024_656_1,69.13737499862651
16_2024_656_2,67.7784924093078
16_2024_656_3,70.7924669708161
16_2024_656_4,66.95896240656735
16_2025_656_1,70.68802027522597
16_2025_656_2,68.07449240139455
16_2025_656_3,67.46095473147233
16_2025_656_4,68.66382434092492
19_2017_19_1,73.02823273047248
19_2017_19_2,71.51810542438352
19_2017_19_3,70.75929679332467
19_2017_19_4,72.53742661841042
19_2018_243_1,69.74360626061437
19_2018_243_2,69.39902935165249
19_2018_243_3,71.47920980202358
19_2018_243_4,68.98992987851554
19_2019_243_1,69.94874622788166
19_2019_243_2,71.03299231503104
19_2019_243_3,68.5510929537556
19_2019_243_4,69.21005136073607
19_2021_894_1,68.49191954199614
19_2021_894_2,70.07827283461717
19_2021_894_3,69.32662920810624
19_2021_894_4,70.29171384029695
19_2022_894_1,70.01163799263249
19_2022_894_2,68.89024085963607
19_2022_894_3,68.59820551372604
19_2022_894_4,68.36443932829087
19_2023_921_1,68.17230887398443
19_2023_921_2,68.86732124757188
19_2023_921_3,68.00467697219887
19_2023_921_4,66.46420380903159
19_2024_921_1,68.05700061572968
19_2024_921_2,67.74963658138773
19_2024_921_3,67.8508606754898
19_2024_921_4,66.81842037906196
19_2025_921_1,67.56049691466609
19_2025_921_2,68.75127872318427
19_2025_921_3,68.41167560421994
19_2025_921_4,67.74935613841146
20_2017_729_1,72.57741410561671
20_2017_729_2,74.03640440246998
20_2017_729_3,75.02267546547567
20_2017_729_4,71.90046027054518
20_2018_729_1,70.54929944782818
20_2018_729_2,71.78910312841705
20_2018_729_3,72.47318173102303
20_2018_729_4,71.38123243982773
20_2019_729_1,71.65651175788
20_2019_729_2,73.38794709129594
20_2019_729_3,72.25618328906549
20_2019_729_4,70.91142153580705
20_2020_897_1,72.57453440813265
20_2020_897_2,71.68037750580397
20_2020_897_3,70.92462266613984
20_2020_897_4,69.37463061021703
20_2021_897_1,70.46751741995635
20_2021_897_2,71.35506939960005
20_2021_897_3,71.50849907550601
20_2021_897_4,71.26631592492537
20_2022_897_1,70.29905946123787
20_2022_897_2,69.7820107125848
20_2022_897_3,71.23370385766802
20_2022_897_4,70.72386533984947
20_2024_897_1,69.59172537560016
20_2024_897_2,70.51475010656745
20_2024_897_3,68.78892864384679
20_2024_897_4,68.31176634800723
20_2025_897_1,69.41260390132723
20_2025_897_2,67.13506000925787
20_2025_897_3,67.58955218365168
20_2025_897_4,67.84852592156925
21_2017_21_1,73.0777947576465
21_2017_21_2,73.23170192028675
21_2017_21_3,72.78895057549084
21_2017_21_4,71.42763299682737
21_2018_21_1,70.72797167691382
21_2018_21_2,72.44436145548099
21_2018_21_3,69.57647447956295
21_2018_21_4,69.92811791493378
21_2019_21_1,71.7890605719495
21_2019_21_2,71.16237861421102
21_2019_21_3,71.4516746830066
21_2019_21_4,71.30932475665816
21_2020_21_1,70.05383002082738
21_2020_21_2,70.62822423458155
21_2020_21_3,69.69598712066426
21_2020_21_4,70.49851327674041
21_2021_21_1,71.17996791448219
21_2021_21_2,69.67813897419555
21_2021_21_3,70.22909323834958
21_2021_21_4,71.15759258210625
21_2022_21_1,70.84456574357269
21_2022_21_2,69.87853709637595
21_2022_21_3,70.89142425330115
21_2022_21_4,72.55338944987243
21_2023_21_1,70.06441803019695
21_2023_21_2,70.12643034649213
21_2023_21_3,71.024478542259
21_2023_21_4,71.49189956450256
21_2024_21_1,70.45519679660404
21_2024_21_2,70.10285263735668
21_2024_21_3,69.20703754920744
21_2024_21_4,71.9634158851002
21_2025_21_1,69.56466683604324
21_2025_21_2,68.98438791700526
21_2025_21_3,69.58343989041768
21_2025_21_4,70.71081437347385
23_2017_23_1,75.06130766090226
23_2017_23_2,74.03595424616913
23_2017_23_3,73.52976767500988
23_2017_23_4,75.92683867230684
23_2018_23_1,73.69673046395027
23_2018_23_2,71.58071190145071
23_2018_23_3,72.54157310802611
23_2018_23_4,72.72042883240384
23_2019_23_1,73.36982768176935
23_2019_23_2,72.57827221363509
23_2019_23_3,72.77548526378388
23_2019_23_4,73.09712451691844
23_2020_23_1,74.72823420196863
23_2020_23_2,73.94038951428695
23_2020_23_3,74.5982654316847
23_2020_23_4,76.84968211645959
23_2021_23_1,73.53973157141343
23_2021_23_2,73.02090807151676
23_2021_23_3,74.06756370844101
23_2021_23_4,73.72907100889995
23_2022_23_1,72.91171048379628
23_2022_23_2,73.42735855794878
23_2022_23_3,72.7707623381862
23_2022_23_4,74.72396207600315
23_2023_23_1,74.01293627144332
23_2023_23_2,72.95625424253967
23_2023_23_3,72.59457059398872
23_2023_23_4,75.31561474343891
23_2024_23_1,73.22929627023213
23_2024_23_2,73.4654108197646
23_2024_23_3,73.5814051818832
23_2024_23_4,75.33642658550629
23_2025_23_1,74.00252225061212
23_2025_23_2,73.03025550903513
23_2025_23_3,73.98869624412394
23_2025_23_4,72.87991429215828
25_2017_513_1,71.9517936820584
25_2017_513_2,70.76614259799521
25_2017_513_3,71.92186535113669
25_2017_513_4,72.00275847391747
25_2018_513_1,71.0478618910254
25_2018_513_2,70.77722569614612
25_2018_513_3,70.25843048578218
25_2018_513_4,71.7512392270433
26_2017_236_1,74.71350756028072
26_2017_236_2,74.49567288243219
26_2017_236_3,73.89852378171555
26_2017_236_4,75.73483669900999
26_2018_618_1,77.14893738482525
26_2018_618_2,74.29948874060238
26_2018_618_3,76.85425192520688
26_2018_618_4,73.64140516803673
26_2019_666_1,73.14416038050302
26_2019_666_2,73.11676616958908
26_2019_666_3,73.57815814976624
26_2019_666_4,72.3087315779527
26_2020_891_1,73.02629292185561
26_2020_891_2,75.64838445133157
26_2020_891_3,74.61857968602573
26_2020_891_4,75.94770834256678
26_2022_654_1,72.42820414091156
26_2022_654_2,71.65596725846623
26_2022_654_3,73.8918449472687
26_2022_654_4,72.42289612030065
26_2023_43_1,70.90605309413357
26_2023_43_2,71.7973546644973
26_2023_43_3,72.16749547251021
26_2023_43_4,71.91241148896421
26_2024_528_1,72.64054723955755
26_2024_528_2,72.27017142006845
26_2024_528_3,73.29197740935211
26_2024_528_4,71.87156665442433
26_2025_608_1,73.61701961688046
26_2025_608_2,73.7800044583
26_2025_608_3,72.62613267432289
26_2025_608_4,73.14938763460991
27_2017_238_1,72.75435347745076
27_2017_238_2,73.08879281512722
27_2017_238_3,72.38708452980438
27_2017_238_4,73.71878775331089
27_2018_873_1,71.93712170408395
27_2018_873_2,71.97201174245336
27_2018_873_3,71.34478899108987
27_2018_873_4,72.13856046215781
27_2019_886_1,70.48130329756225
27_2019_886_2,71.26339252038161
27_2019_886_3,72.38463678033781
27_2019_886_4,71.80487587969259
27_2020_700_1,70.23059891479964
27_2020_700_2,70.43135446335768
27_2020_700_3,70.34097365619743
27_2020_700_4,70.35190588010272
27_2021_886_1,71.97601292826184
27_2021_886_2,69.70857741732732
27_2021_886_3,69.11498910933975
27_2021_886_4,71.01890735288754
27_2022_513_1,68.94776282888043
27_2022_513_2,69.81484492823319
27_2022_513_3,69.83420264115043
27_2022_513_4,70.2226672051668
27_2023_513_1,69.06777194714573
27_2023_513_2,69.07934450506066
27_2023_513_3,69.17661891728966
27_2023_513_4,69.13102376404001
27_2024_513_1,69.26548455964866
27_2024_513_2,68.96246437978176
27_2024_513_3,69.9594318369685
27_2024_513_4,68.98495806275902
27_2025_513_1,69.18169038342887
27_2025_513_2,68.86061346248147
27_2025_513_3,69.40903871167482
27_2025_513_4,69.40667597965057
28_2017_789_1,71.17001429423198
28_2017_789_2,71.37743161801862
28_2017_789_3,71.71533052859743
28_2017_789_4,71.40110201993818
28_2018_773_1,69.89758655409892
28_2018_773_2,69.09434867695236
28_2018_773_3,68.91431700858979
28_2018_773_4,70.65276825868246
28_2019_348_1,70.66831295780423
28_2019_348_2,71.73666000712456
28_2019_348_3,71.05136741498862
28_2019_348_4,71.80084114217301
28_2020_896_1,73.95039671828705
28_2020_896_2,73.84586866601845
28_2020_896_3,72.50942996677924
28_2020_896_4,71.43383434907057
28_2021_882_1,70.19622943184919
28_2021_882_2,70.88873647903904
28_2021_882_3,70.20440722183054
28_2021_882_4,69.41860376321554
28_2022_901_1,70.99074784941982
28_2022_901_2,70.72331440256406
28_2022_901_3,70.59565005532562
28_2022_901_4,71.62285583653306
28_2023_896_1,70.4106395380928
28_2023_896_2,70.00849424905769
28_2023_896_3,70.39393729369402
28_2023_896_4,69.37120083510733
28_2024_406_1,72.46875962725437
28_2024_406_2,70.5388304938416
28_2024_406_3,72.20843205390258
28_2024_406_4,72.2884054066285
28_2025_882_1,71.0317995038236
28_2025_882_2,69.82555862047268
28_2025_882_3,71.06829217658449
28_2025_882_4,71.04620936292508
2_2017_202_1,71.66897734492602
2_2017_202_2,70.79542989163836
2_2017_202_3,70.16524885518069
2_2017_233_1,71.51932411837788
2_2017_233_2,71.8615291390618
2_2017_233_3,72.59441397543188
2_2017_704_1,72.49621768476061
2_2017_704_2,72.34246287815088
2_2017_704_3,74.07338483862571
2_2017_704_4,72.89224797315481
2_2018_202_1,69.24879795930408
2_2018_202_2,68.94292089819731
2_2018_202_3,69.94011296241857
2_2018_233_1,69.02164109594486
2_2018_233_2,69.68403298733266
2_2018_233_3,71.1819877196564
2_2018_704_1,71.27229873286919
2_2018_704_2,70.90319378363586
2_2018_704_3,72.86926891870758
2_2018_704_4,72.1623208959322
2_2019_202_1,69.87239860905828
2_2019_202_2,68.58945725985842
2_2019_202_3,68.60504716965247
2_2019_233_1,70.02464996512632
2_2019_233_2,68.9965934214219
2_2019_233_3,69.05250412663817
2_2019_704_1,71.06843348934413
2_2019_704_2,70.57447206358725
2_2019_704_3,70.48309086563324
2_2019_704_4,70.53123856869475
2_2020_202_1,69.85135566919055
2_2020_202_2,69.27947295708105
2_2020_202_3,68.94287111326591
2_2020_233_1,69.8729456348365
2_2020_233_2,69.19370560266678
2_2020_233_3,69.18332556332948
2_2020_704_1,70.70464608367948
2_2020_704_2,70.59550337935526
2_2020_704_3,70.26824797254861
2_2020_704_4,70.89717218670233
2_2021_233_1,70.42773054670312
2_2021_233_2,71.44752714226823
2_2021_704_1,71.0007812874029
2_2021_704_2,71.03711197968633
2_2021_704_3,70.80592260275364
2_2021_704_4,70.9124106824172
2_2022_202_1,69.24529657417543
2_2022_202_2,69.28151783741127
2_2022_202_3,70.66781919184477
2_2022_233_1,69.45490613077595
2_2022_233_2,69.03008347734703
2_2022_233_3,71.72676739559641
2_2022_704_1,70.74001119006887
2_2022_704_2,69.58058558933055
2_2022_704_3,70.39184535781354
2_2022_704_4,71.08347105216085
2_2023_202_1,69.10253623831287
2_2023_202_2,68.88022925272584
2_2023_202_3,69.26625804733706
2_2023_233_1,68.35683260649924
2_2023_233_2,69.09753039500467
2_2023_233_3,67.21954895526994
2_2023_704_1,68.94472848732786
2_2023_704_2,69.77324558197039
2_2023_704_3,68.41938224485882
2_2023_704_4,68.34388574134188
2_2024_202_1,67.24788110934088
2_2024_202_2,67.30747843298948
2_2024_202_3,67.2760978524897
2_2024_233_1,67.87945182227037
2_2024_233_2,67.4733334902461
2_2024_233_3,67.027702479001
2_2024_704_1,69.10134685570672
2_2024_704_2,68.2160452187025
2_2024_704_3,68.04472750159522
2_2024_704_4,69.0729548976245
2_2025_202_1,67.56687777803106
2_2025_202_2,67.73237395319416
2_2025_202_3,67.92211254227209
2_2025_233_1,67.33310788235829
2_2025_233_2,66.88913038491664
2_2025_233_3,67.99349014235206
2_2025_704_1,71.22575404716443
2_2025_704_2,70.98335231406037
2_2025_704_3,70.3461412990041
2_2025_704_4,70.0187430494814
2_2026_202_1,66.75560419784111
2_2026_202_2,66.89551105503348
2_2026_202_3,67.61560184574938
2_2026_233_1,65.94241196090097
2_2026_233_2,66.79548309518509
2_2026_233_3,67.73621858503596
2_2026_704_1,69.65444601368839
2_2026_704_2,69.4038348159061
2_2026_704_3,70.72757796895101
2_2026_704_4,68.96573821687548
30_2017_669_1,71.36906882722462
30_2017_669_2,70.42338762616441
30_2017_669_3,69.2700509062629
30_2017_669_4,70.540772555516
30_2018_669_1,69.66437554703361
30_2018_669_2,69.88981083298336
30_2018_669_3,69.40328827175921
30_2018_669_4,68.6843283924146
30_2019_669_1,69.53897432898576
30_2019_669_2,69.86757410860083
30_2019_669_3,69.6117943303946
30_2019_669_4,69.14019663946817
30_2021_669_1,69.32601751560979
30_2021_669_2,68.36208177748168
30_2021_669_3,69.41955001338576
30_2021_669_4,69.814876838079
30_2022_669_1,70.3818699995474
30_2022_669_2,68.15364508312956
30_2022_669_3,68.2518237529995
30_2022_669_4,69.25745415473534
30_2023_669_1,69.20234182350342
30_2023_669_2,68.32693420158668
30_2023_669_3,68.06869537137177
30_2023_669_4,68.41108458819264
30_2024_669_1,66.99159144962091
30_2024_669_2,68.76170236153959
30_2024_669_3,68.14863419205125
30_2024_669_4,67.3645748636352
30_2025_669_1,68.43606402119943
30_2025_669_2,68.42560406892187
30_2025_669_3,69.13065140467334
30_2025_669_4,67.5907604023657
32_2017_32_1,70.94295868078491
32_2017_32_2,71.6520585297717
32_2017_32_3,70.9025862562024
32_2017_32_4,71.69906320388633
32_2018_32_1,70.73538887934654
32_2018_32_2,71.16955267150453
32_2018_32_3,71.20925874725906
32_2018_32_4,70.72474950223125
32_2019_874_1,69.32827237250673
32_2019_874_2,69.49539297463677
32_2019_874_3,71.03196276345214
32_2019_874_4,70.21851695472449
32_2022_772_1,70.53366195048068
32_2022_772_2,70.51340886911018
32_2022_772_3,69.27899992407293
32_2022_772_4,68.46918889850457
32_2023_908_1,71.32709073274566
32_2023_908_2,70.8642252101528
32_2023_908_3,70.91999673741574
32_2023_908_4,69.69938314436973
32_2024_874_1,69.78673523445343
32_2024_874_2,69.76128121689013
32_2024_874_3,68.53026750668616
32_2024_874_4,68.62244460386523
32_2025_935_1,67.60292900536967
32_2025_935_2,68.28324312907444
32_2025_935_3,67.1203356182173
32_2025_935_4,67.22745709115352
33_2017_241_1,75.762983445776
33_2017_241_2,74.66888905564875
33_2017_241_3,74.23086284824419
33_2017_241_4,73.83866317263715
33_2018_534_1,72.03546253816536
33_2018_534_2,70.20660903785625
33_2018_534_3,70.98199298813904
33_2018_534_4,70.79434210368402
33_2019_880_1,73.36911003725068
33_2019_880_2,71.90348406957605
33_2019_880_3,73.31180155082231
33_2019_880_4,74.37549851012368
33_2020_895_1,71.25419838256187
33_2020_895_2,71.4167490145395
33_2020_895_3,71.42087261399507
33_2020_895_4,70.24894480058052
33_2021_697_1,74.63014973743277
33_2021_697_2,75.43363350349917
33_2021_697_3,73.75702508604344
33_2021_697_4,73.3665978283579
33_2022_611_1,72.27618002235849
33_2022_611_2,71.99988596235602
33_2022_611_3,73.01427027175257
33_2022_611_4,71.86548217627235
33_2023_514_1,73.06825030090133
33_2023_514_2,72.23232570077906
33_2023_514_3,72.79059072723486
33_2023_514_4,70.82307616017172
33_2024_671_1,70.37747081084567
33_2024_671_2,70.16678798694856
33_2024_671_3,69.59188645484278
33_2024_671_4,69.28049387162349
33_2025_241_1,71.86557182099028
33_2025_241_2,71.45934012682312
33_2025_241_3,72.43404273266756
33_2025_241_4,72.0711830855101
34_2017_503_1,70.9999739979395
34_2017_503_2,71.79965612405802
34_2017_503_3,71.66992846933802
34_2017_503_4,70.47166550503684
34_2018_503_1,70.37839503151085
34_2018_503_2,70.57667849735425
34_2018_503_3,69.99180783879922
34_2018_503_4,69.74107530098718
34_2019_503_1,69.69550062011379
34_2019_503_2,69.97385020187798
34_2019_503_3,71.0184507605434
34_2019_503_4,70.78636913485926
34_2020_503_1,69.02653810655136
34_2020_503_2,69.37099742664924
34_2020_503_3,69.33068265855047
34_2020_503_4,69.12082621644439
34_2021_503_1,70.07774854505587
34_2021_503_2,68.98048284403585
34_2021_503_3,70.46386111399335
34_2021_503_4,70.28021017256293
34_2022_503_1,69.66660273439267
34_2022_503_2,68.77704877576932
34_2022_503_3,68.81920991694604
34_2022_503_4,69.70138840162645
34_2023_503_1,69.01035071415174
34_2023_503_2,67.93773910514327
34_2023_503_3,67.8859687419454
34_2023_503_4,67.50504604106087
34_2024_503_1,68.81121019140822
34_2024_503_2,68.17933358182
34_2024_503_3,67.04745421604022
34_2024_503_4,67.30128638878344
34_2025_503_1,68.87755020822718
34_2025_503_2,70.70652300804447
34_2025_503_3,68.01621990273506
34_2025_503_4,69.44952397176527
3_2017_510_1,72.22195322496927
3_2017_510_2,71.4532816245196
3_2017_510_3,70.8597953012637
3_2017_510_4,71.660457475462
3_2018_510_1,71.79236745305153
3_2018_510_2,70.92073298434825
3_2018_510_3,71.08925738440362
3_2018_510_4,71.38851915902313
3_2019_510_1,70.9916357502363
3_2019_510_2,71.19926597731092
3_2019_510_3,70.33739529679207
3_2019_510_4,72.42807715406988
3_2020_510_1,71.04443231068305
3_2020_510_2,70.91736847107856
3_2020_510_3,69.89670359677612
3_2020_510_4,71.3631105483131
3_2021_510_1,70.60925940843268
3_2021_510_2,69.37485913706413
3_2021_510_3,69.42853640606893
3_2021_510_4,69.45536134363165
3_2022_510_1,70.76025145008515
3_2022_510_2,70.12969957594908
3_2022_510_3,70.18127669404258
3_2022_510_4,70.48978525180561
3_2023_510_1,72.17843610190894
3_2023_510_2,70.36581126999586
3_2023_510_3,70.29732757984803
3_2023_510_4,70.00525834083415
3_2024_510_1,70.44944299860957
3_2024_510_2,68.845185773977
3_2024_510_3,69.67701098651207
3_2024_510_4,69.00401094708224
3_2025_510_1,70.27892835987839
3_2025_510_2,68.70119698539256
3_2025_510_3,69.2734578059899
3_2025_510_4,69.37341147636515
3_2026_510_1,70.12597108831793
3_2026_510_2,69.55906788844008
3_2026_510_3,69.40053974208402
3_2026_510_4,69.23036800470962
41_2017_770_1,72.71063798160617
41_2017_770_2,73.78645020151936
41_2017_770_3,75.37358519249045
41_2017_770_4,74.1675222276979
41_2018_770_1,74.019678893379
41_2018_770_2,72.46818376679713
41_2018_770_3,71.62068023133963
41_2018_770_4,72.79485732459955
41_2019_770_1,71.6352653813803
41_2019_770_2,71.77131459076404
41_2019_770_3,71.31785240425711
41_2019_770_4,71.22946979058196
41_2021_770_1,73.12542924608479
41_2021_770_2,72.98183913055333
41_2021_770_3,71.2923519028451
41_2021_770_4,70.90652171864662
41_2022_770_1,71.53820113554067
41_2022_770_2,71.7216082029613
41_2022_770_3,71.64889782341973
41_2022_770_4,71.1166915650441
41_2023_770_1,71.52709044641097
41_2023_770_2,71.42501573756589
41_2023_770_3,71.75854784213837
41_2023_770_4,70.89557452452361
41_2024_770_1,72.01671691639795
41_2024_770_2,72.36140703509132
41_2024_770_3,71.99409389280353
41_2024_770_4,70.2573510981754
41_2025_770_1,71.02195596803284
41_2025_770_2,70.32737606779718
41_2025_770_3,73.28457295020121
41_2025_770_4,74.20715913341729
457_2017_733_1,71.31767347527081
457_2017_733_2,71.45127789771233
457_2017_733_3,71.76254637991445
457_2017_733_4,70.7521193643113
457_2018_733_1,69.67544585083584
457_2018_733_2,69.66290532330882
457_2018_733_3,70.86631142279776
457_2018_733_4,69.9873625356814
457_2019_733_1,69.88676176681034
457_2019_733_2,71.36192701611142
457_2019_733_3,70.570221649708
457_2019_733_4,70.05859325032593
457_2020_733_1,71.56455485938753
457_2020_733_2,70.25199113882334
457_2020_733_3,68.92747677949265
457_2020_733_4,69.47278809138757
457_2021_733_1,69.4442855085162
457_2021_733_2,69.29815040078576
457_2021_733_3,69.27857441874136
457_2021_733_4,69.48850853968084
457_2022_733_1,68.84597263479392
457_2022_733_2,69.35142193846735
457_2022_733_3,68.64300864159688
457_2022_733_4,68.49080513697514
457_2024_919_1,71.20635189216958
457_2024_919_2,68.41693248994605
457_2024_919_3,68.35253428914203
457_2024_919_4,67.98567989543292
457_2025_919_1,68.28761745365432
457_2025_919_2,67.59898444429658
457_2025_919_3,68.10719676520316
457_2025_919_4,67.02147142109989
464_2017_552_1,72.72806737589298
464_2017_552_2,71.80256654149349
464_2017_552_3,71.9584968874187
464_2017_552_4,74.85506195872452
464_2018_552_1,70.89448056328663
464_2018_552_2,71.10983325378818
464_2018_552_3,72.28574387159331
464_2018_552_4,73.40025461746251
464_2019_552_1,71.77848542466879
464_2019_552_2,71.61467500272613
464_2019_552_3,71.4399485639889
464_2019_552_4,71.49582960739428
464_2020_552_1,70.5297246918833
464_2020_552_2,69.94352322868696
464_2020_552_3,69.78165243838578
464_2020_552_4,70.38208473957081
464_2021_552_1,70.80692590757936
464_2021_552_2,71.39512021337399
464_2021_552_3,70.51266410808253
464_2021_552_4,71.00616908938424
464_2022_552_1,70.90360733988666
464_2022_552_2,71.44109353602117
464_2022_552_3,70.62362464976347
464_2022_552_4,71.67348205343507
464_2024_926_1,70.37698989810853
464_2024_926_2,69.96106618640795
464_2024_926_3,70.12096350592395
464_2024_926_4,70.85218083848233
464_2025_926_1,70.64405980858407
464_2025_926_2,70.85329094514412
464_2025_926_3,70.34977507618417
464_2025_926_4,69.58747732610081
471_2017_237_1,72.2680495518376
471_2017_237_2,73.40639850429369
471_2017_237_3,72.61738889052981
471_2017_237_4,71.58296416520986
471_2018_237_1,70.57654050024513
471_2018_237_2,70.48670404859007
471_2018_237_3,70.36646292698862
471_2018_237_4,70.83275806780478
472_2019_660_1,71.19966768652831
472_2019_660_2,70.3389471953893
472_2019_660_3,69.91607750213365
472_2019_660_4,70.35379559493231
472_2020_890_1,70.57270044436754
472_2020_890_2,70.59491876604153
472_2020_890_3,70.40084280260064
472_2020_890_4,68.7132142173764
472_2021_890_1,70.18298535640173
472_2021_890_2,68.5565428423021
472_2021_890_3,69.23900539168297
472_2021_890_4,69.07841762677879
472_2022_890_1,70.47141221514252
472_2022_890_2,70.24924668565603
472_2022_890_3,69.28977294650196
472_2022_890_4,70.00247408818646
472_2023_890_1,68.91169626210643
472_2023_890_2,69.64493433077587
472_2023_890_3,69.06175101837486
472_2023_890_4,67.82136370056713
472_2024_931_1,68.60477322013045
472_2024_931_2,68.46923081152059
472_2024_931_3,67.08564859512776
472_2024_931_4,67.50684451496667
472_2025_931_1,69.26612726348345
472_2025_931_2,68.23624551787907
472_2025_931_3,68.41881681682776
472_2025_931_4,69.00787642917125
473_2017_240_1,73.40654182297635
473_2017_240_2,72.55887276369819
473_2017_240_3,72.25072669596997
473_2017_240_4,72.758419073004
473_2018_240_1,71.99386992031688
473_2018_240_2,71.32540353734737
473_2018_240_3,71.46977860979906
473_2018_240_4,71.4113697814675
473_2019_240_1,72.7835570981827
473_2019_240_2,72.2366839239057
473_2019_240_3,71.34221420969425
473_2019_240_4,71.10528510226025
473_2020_240_1,73.15976039778968
473_2020_240_2,70.9970892019808
473_2020_240_3,70.41780323235571
473_2020_240_4,70.21356889833008
473_2021_898_1,72.70835667953962
473_2021_898_2,71.6252754840653
473_2021_898_3,71.93911671912043
473_2021_898_4,73.154363237768
475_2017_665_1,72.450495988549
475_2017_665_2,72.60460822356947
475_2017_665_3,73.37006291694331
475_2017_665_4,72.27944752382255
475_2018_665_1,73.51591498715504
475_2018_665_2,72.91766344584425
475_2018_665_3,71.49314447171375
475_2018_665_4,71.83388325270928
475_2019_665_1,72.3916437979501
475_2019_665_2,72.34806049405256
475_2019_665_3,71.79417409085605
475_2019_665_4,72.68757676747948
475_2021_665_1,70.92659283979988
475_2021_665_2,70.7302050195842
475_2021_665_3,70.74186657582618
475_2021_665_4,71.49085446971975
475_2022_665_1,69.56839923617872
475_2022_665_2,70.15277343970342
475_2022_665_3,69.59039920619831
475_2022_665_4,70.82261857177367
475_2023_665_1,71.54132882346684
475_2023_665_2,70.69607060847096
475_2023_665_3,70.98948477050024
475_2023_665_4,71.62544855247464
475_2024_665_1,70.26962210515339
475_2024_665_2,71.11630669256122
475_2024_665_3,70.62311270298251
475_2024_665_4,70.70786379536327
475_2025_665_1,71.65566306856525
475_2025_665_2,71.17266375122688
475_2025_665_3,70.47055777321381
475_2025_665_4,70.2597406165018
476_2017_36_1,73.00346713131253
476_2017_36_2,72.88914959607749
476_2017_36_3,72.30097100711528
476_2017_36_4,71.22577325180205
476_2018_36_1,69.73283797086211
476_2018_36_2,71.22637284346735
476_2018_36_3,71.53699574409795
476_2018_36_4,72.50977669494418
476_2019_513_1,70.53535187749804
476_2019_513_2,71.21950424327815
476_2019_513_3,70.03051612061108
476_2019_513_4,70.57156166736166
476_2020_513_1,70.67660289239157
476_2020_513_2,70.98024290286791
476_2020_513_3,70.42470605061001
476_2020_513_4,69.99717175474893
476_2021_513_1,69.20095337695453
476_2021_513_2,69.00255969772212
476_2021_513_3,69.501113284117
476_2021_513_4,71.74642718271025
478_2017_232_1,72.1660310329022
478_2017_232_2,72.15940002148369
478_2017_232_3,75.59716838505096
478_2017_232_4,72.25711319467999
478_2018_232_1,72.461423936346
478_2018_232_2,71.12264437678029
478_2018_232_3,71.8393799116776
478_2018_232_4,71.61163051521795
478_2019_232_1,72.99368871579414
478_2019_232_2,71.04177608804548
478_2019_232_3,71.53428136515836
478_2019_232_4,70.63787111993224
478_2021_232_1,70.39854469573754
478_2021_232_2,70.59477536088917
478_2021_232_3,70.79101988489741
478_2021_232_4,71.48727789127057
478_2022_232_1,73.20036680837578
478_2022_232_2,73.29836255779783
478_2022_232_3,71.49633073840153
478_2022_232_4,71.04426727303192
478_2024_232_1,69.61219292489503
478_2024_232_2,70.30881733220846
478_2024_232_3,71.00541429275489
478_2024_232_4,71.0519846188987
478_2025_232_1,69.37979696031282
478_2025_232_2,69.27683123846111
478_2025_232_3,69.47382227038187
478_2025_232_4,68.87077098286719
47_2017_538_1,72.09753579321034
47_2017_538_2,73.19873942619019
47_2017_538_3,73.30440542127636
47_2017_538_4,71.3084095596878
47_2018_538_1,70.81108153520344
47_2018_538_2,69.67200750614558
47_2018_538_3,69.4362684145597
47_2018_538_4,69.70883992995324
47_2019_538_1,69.69510687627263
47_2019_538_2,69.33455402776994
47_2019_538_3,68.57552121518984
47_2019_538_4,70.0565647373638
47_2020_538_1,68.53182939973226
47_2020_538_2,68.20455483638597
47_2020_538_3,68.09066352853702
47_2020_538_4,70.83430147725949
47_2021_538_1,68.53800748272266
47_2021_538_2,69.3575334244476
47_2021_538_3,69.87196849907895
47_2021_538_4,69.13122155738272
47_2022_538_1,69.0014599589224
47_2022_538_2,69.41008640728002
47_2022_538_3,67.88694271240132
47_2022_538_4,67.91537634046816
47_2024_538_1,67.99648123758888
47_2024_538_2,70.22309215190339
47_2024_538_3,67.90405451328121
47_2024_538_4,68.35365049090936
480_2017_235_1,73.48928673134111
480_2017_235_2,74.09488947197636
480_2017_235_3,73.33179503390504
480_2017_235_4,73.54574102287023
480_2018_872_1,73.47460021130087
480_2018_872_2,73.17857850013264
480_2018_872_3,71.38720361610143
480_2018_872_4,73.02661706230694
480_2019_872_1,72.6047233913238
480_2019_872_2,71.9475685069842
480_2019_872_3,71.14102889705984
480_2019_872_4,72.22896894640257
480_2021_872_1,71.81692719803874
480_2021_872_2,72.90636624220302
480_2021_872_3,71.96758400089823
480_2021_872_4,72.40291116460551
480_2022_237_1,69.06915811595091
480_2022_237_2,72.07805094848801
480_2022_237_3,73.60871623250878
480_2022_237_4,71.15276153920368
480_2023_872_1,71.25478548826067
480_2023_872_2,70.59638995963675
480_2023_872_3,70.18849324712988
480_2023_872_4,71.52183575041195
480_2024_872_1,71.11102748224705
480_2024_872_2,71.01929532450262
480_2024_872_3,72.94226979500547
480_2024_872_4,72.27700853487076
480_2025_379_1,66.75930689550282
480_2025_379_2,70.00555696349223
480_2025_379_3,70.0503164160103
480_2025_379_4,69.06397830449251
483_2017_742_1,70.4156190119542
483_2017_742_2,70.45224481250372
483_2017_742_3,70.96607141317693
483_2017_742_4,69.92220480792878
483_2019_742_1,71.05791971315281
483_2019_742_2,71.55946707905207
483_2019_742_3,70.32918063465912
483_2019_742_4,70.52851541729922
483_2020_742_1,70.22409348063766
483_2020_742_2,69.91328060592721
483_2020_742_3,69.4093811506461
483_2020_742_4,69.60118907755586
483_2021_742_1,70.13634247449039
483_2021_742_2,70.1035545351036
483_2021_742_3,70.28953162506308
483_2021_742_4,69.10745381077342
483_2022_742_1,70.4572734435907
483_2022_742_2,68.80356884490686
483_2022_742_3,69.93870093862859
483_2022_742_4,69.55480652355666
483_2023_742_1,69.22132837453339
483_2023_742_2,68.77196827152095
483_2023_742_3,69.18058435332003
483_2023_742_4,68.96847191421497
483_2024_742_1,68.58211764260322
483_2024_742_2,68.2447960727921
483_2024_742_3,68.31732511074432
483_2024_742_4,68.80231202870314
483_2025_940_1,67.41313178612424
483_2025_940_2,68.01399588643255
483_2025_940_3,68.29462222614114
483_2025_940_4,68.38117977249348
489_2017_766_1,72.30032993021108
489_2017_766_2,73.71610775291421
489_2017_766_3,74.1151607715347
489_2017_766_4,74.73063464504433
489_2018_766_1,73.17788312362336
489_2018_766_2,73.72733539837357
489_2018_766_3,74.23787547917132
489_2018_766_4,75.08612648995916
489_2019_766_1,71.45252020248776
489_2019_766_2,72.33156642701485
489_2019_766_3,72.32457262875656
489_2019_766_4,71.42316523795245
490_2017_771_1,70.32883695014908
490_2017_771_2,70.60201566194075
490_2017_771_3,71.20228806736041
490_2017_771_4,70.18291595999452
490_2018_771_1,69.45603674733574
490_2018_771_2,68.67336640256613
490_2018_771_3,70.46526194715656
490_2018_771_4,70.86253575736004
490_2019_771_1,68.95220057735862
490_2019_771_2,68.88709997345705
490_2019_771_3,69.84655567563487
490_2019_771_4,69.78262077267559
493_2017_231_1,70.71939058051507
493_2017_231_2,71.7028105322025
493_2017_776_1,70.16369417218313
493_2017_776_2,70.27229535572394
493_2017_776_3,69.47097502330575
493_2017_776_4,70.41991490374615
493_2018_231_1,71.40780679098745
493_2018_231_2,70.12540355411734
493_2018_776_1,71.44454426068565
493_2018_776_2,70.22192935645164
493_2018_776_3,67.93528689643875
493_2018_776_4,67.23560274510726
493_2019_776_1,69.35454634194568
493_2019_776_2,67.98341830068236
493_2019_776_3,68.31194440284986
493_2019_776_4,70.87178744467214
493_2019_889_1,70.96486637875486
493_2019_889_2,70.12499140068012
493_2020_776_1,70.1879992406773
493_2020_776_2,68.78045305581642
493_2020_776_3,69.42719407338487
493_2020_776_4,67.53013868597712
493_2020_889_1,72.69844794088314
493_2020_889_2,70.45349545811976
493_2021_776_1,66.43752379739729
493_2021_776_2,70.73000801554001
493_2021_776_3,70.95573035734942
493_2021_776_4,68.01442159716647
493_2021_889_1,68.51096401471683
493_2021_889_2,72.78499160867996
493_2022_776_1,70.00182749468527
493_2022_776_2,67.99817967547354
493_2022_776_3,68.14448771697607
493_2022_776_4,67.87919854816698
493_2022_889_1,69.55747858579389
493_2022_889_2,68.82896630936479
493_2024_776_1,69.25329287140585
493_2024_776_2,71.87739685393942
493_2024_776_3,67.50401614886383
493_2024_776_4,67.42599496033036
493_2024_889_1,69.63209745916356
493_2024_889_2,69.56821038980725
493_2025_776_1,66.44014026736761
493_2025_776_2,66.4172498609646
493_2025_776_3,67.8731090928935
493_2025_776_4,66.23022044025149
493_2025_889_1,67.27274470340002
493_2025_889_2,66.55578660496579
494_2017_800_1,72.11383132394425
494_2017_800_2,72.08188703480701
494_2017_800_3,71.02429875060596
494_2017_800_4,71.67183563420161
494_2018_800_1,70.45904990855908
494_2018_800_2,70.06444024602823
494_2018_800_3,69.8237055321914
494_2018_800_4,69.74966610058141
4_2017_104_1,71.95053084994422
4_2017_104_2,72.89941781751932
4_2017_4_1,74.61825765062419
4_2017_4_2,75.19696086699554
4_2017_4_3,73.05440977008107
4_2017_4_4,73.22597796584999
4_2018_104_1,72.0125748642175
4_2018_104_2,72.07310278477593
4_2018_4_1,72.17929705012126
4_2018_4_2,73.3534134806101
4_2018_4_3,73.2845595446947
4_2018_4_4,75.84933842238999
4_2019_104_1,69.81060774745734
4_2019_104_2,70.75127328239728
4_2019_4_1,72.13700503292665
4_2019_4_2,72.71506522944708
4_2019_4_3,71.91483234464982
4_2019_4_4,72.47879427203432
4_2020_104_1,70.85933582089349
4_2020_104_2,70.66033276494055
4_2020_4_1,73.90049808616692
4_2020_4_2,73.07051075710763
4_2020_4_3,72.25061799284374
4_2020_4_4,72.39680355986164
4_2021_104_1,69.44778414689092
4_2021_104_2,70.89526993901197
4_2021_4_1,73.20644389871683
4_2021_4_2,74.75489687333234
4_2021_4_3,73.83434466551236
4_2021_4_4,72.16370875826603
4_2022_104_1,68.84439225880604
4_2022_104_2,68.18657223290172
4_2022_4_1,72.57051891276583
4_2022_4_2,72.98722029364833
4_2022_4_3,71.45851132750295
4_2022_4_4,72.26306212827737
4_2023_104_1,68.94044505177217
4_2023_104_2,72.5404910267668
4_2023_4_1,71.5881476269343
4_2023_4_2,75.03191146047268
4_2023_4_3,71.92461056514611
4_2023_4_4,73.8659218863186
4_2024_104_1,68.88882953676963
4_2024_104_2,68.62925432487705
4_2024_4_1,71.29008304545624
4_2024_4_2,71.3937168356907
4_2024_4_3,73.03586167101575
4_2024_4_4,71.34565226297795
4_2025_104_1,69.14509288149588
4_2025_104_2,74.3057853832097
4_2025_4_1,71.54300918949394
4_2025_4_2,74.55667918457738
4_2025_4_3,71.16677394847564
4_2025_4_4,74.04869013885366
4_2026_104_1,68.23137671637915
4_2026_104_2,68.73000231038766
4_2026_4_1,71.63624496965559
4_2026_4_2,71.48140145819517
4_2026_4_3,71.28936064435474
4_2026_4_4,70.01929660884986
505_2017_700_1,73.59891518140999
505_2017_700_2,71.81873752278187
505_2017_700_3,72.66278248712925
505_2017_700_4,71.75407753876473
505_2018_700_1,72.43210155165664
505_2018_700_2,71.11753559122977
505_2018_700_3,71.17517386676073
505_2018_700_4,71.02429177343988
518_2017_819_1,69.99694201777457
518_2017_819_2,68.37282403061559
518_2017_819_3,69.0894964817806
518_2017_819_4,68.61933615873507
518_2018_823_1,69.51618542016855
518_2018_823_2,69.15931760120608
518_2018_823_3,68.83181697035639
518_2018_823_4,69.58176571751065
518_2019_884_1,69.20874552766392
518_2019_884_2,68.60934155411601
518_2019_884_3,68.7911298812061
518_2019_884_4,68.8159343545856
518_2021_884_1,68.3886464366409
518_2021_884_2,69.16596349301332
518_2021_884_3,68.52456726791245
518_2021_884_4,69.11777860248708
518_2022_884_1,68.37536737294516
518_2022_884_2,67.51514131384153
518_2022_884_3,69.17689154471589
518_2022_884_4,69.55269869788725
518_2023_884_1,68.9165638706755
518_2023_884_2,69.28026207109609
518_2023_884_3,68.4594413243554
518_2023_884_4,67.74449761235866
518_2024_884_1,67.77988624255762
518_2024_884_2,67.05304780845027
518_2024_884_3,68.2266914131514
518_2024_884_4,69.40699980603321
518_2025_934_1,69.22499854825614
518_2025_934_2,69.16789545880827
518_2025_934_3,69.90632214128748
518_2025_934_4,69.15783151645873
519_2021_887_1,69.67373360064738
519_2021_887_2,69.6218270862981
519_2021_887_3,68.78621283427435
519_2021_887_4,68.33355738705788
519_2024_250_1,69.47637554548582
519_2024_250_2,69.44619563468657
519_2024_250_3,69.7825294827422
519_2024_250_4,69.47266407503135
521_2017_242_1,71.94798856340574
521_2017_242_2,74.35823030983238
521_2017_242_3,75.8295804730688
521_2017_242_4,74.74015588122556
521_2018_242_1,74.1739332005208
521_2018_242_2,71.95276882062574
521_2018_242_3,70.8725323054444
521_2018_242_4,70.2280952444912
521_2019_242_1,71.46654847825093
521_2019_242_2,71.87865619386181
521_2019_242_3,71.60053830153598
521_2019_242_4,70.65533663884261
521_2020_878_1,73.58694699792696
521_2020_878_2,71.6011016567542
521_2020_878_3,71.73061881850103
521_2020_878_4,71.73929445916403
521_2021_899_1,69.64570015764187
521_2021_899_2,68.91639242377931
521_2021_899_3,69.13575968615396
521_2021_899_4,68.67496911949578
521_2022_902_1,70.47568416822818
521_2022_902_2,69.90552046157288
521_2022_902_3,71.4634394530315
521_2022_902_4,70.95713310024652
522_2018_244_1,70.35587491711851
522_2018_244_2,70.25641748180095
522_2018_244_3,72.03642546306423
522_2018_244_4,71.1769287803758
522_2019_244_1,71.21006701062652
522_2019_244_2,69.78855402867889
522_2019_244_3,70.00043129016308
522_2019_244_4,70.14170079785835
522_2020_244_1,70.29430099343168
522_2020_244_2,70.48976754903049
522_2020_244_3,70.85078282822568
522_2020_244_4,71.05923493664943
522_2022_244_1,71.28411881848183
522_2022_244_2,69.48213212098926
522_2022_244_3,69.78438183344795
522_2022_244_4,68.9587632903727
522_2023_244_1,70.97079297808003
522_2023_244_2,68.7698030320346
522_2023_244_3,69.27789158519221
522_2023_244_4,69.3213427507003
522_2024_244_1,68.989364707607
522_2024_244_2,68.68484487788061
522_2024_244_3,69.26627964549274
522_2024_244_4,69.48274046060763
522_2025_244_1,67.58330259410229
522_2025_244_2,69.36308539056313
522_2025_244_3,70.63211984043154
522_2025_244_4,71.86028558321466
524_2019_876_1,69.65703451073983
524_2019_876_2,70.63443592600183
524_2019_876_3,70.47450614010856
524_2019_876_4,70.26857026193304
524_2020_876_1,70.18757369600701
524_2020_876_2,70.00929931371927
524_2020_876_3,69.76810010144322
524_2020_876_4,70.70490077884118
524_2021_876_1,70.06302997363028
524_2021_876_2,71.02342666709148
524_2021_876_3,70.10337721239763
524_2021_876_4,69.60194998867237
524_2022_876_1,70.08298280398544
524_2022_876_2,70.43924904182032
524_2022_876_3,69.44202443501526
524_2022_876_4,68.87891593779571
524_2023_876_1,69.56380590293242
524_2023_876_2,68.94885797330454
524_2023_876_3,68.38342383951064
524_2023_876_4,69.75510082954457
524_2024_876_1,69.81062473242798
524_2024_876_2,68.95780900602358
524_2024_876_3,68.92424178277518
524_2024_876_4,71.29883841443373
524_2025_876_1,67.94680327247873
524_2025_876_2,68.411957776776
524_2025_876_3,69.38570103725772
524_2025_876_4,68.98819956435881
525_2019_883_1,70.18659652512919
525_2019_883_2,69.35549139159895
525_2019_883_3,69.28449252720756
525_2019_883_4,68.92277256325296
525_2020_883_1,70.12554330975456
525_2020_883_2,70.40974361895684
525_2020_883_3,68.7492017230509
525_2020_883_4,68.38755821363654
525_2021_883_1,69.91530267141675
525_2021_883_2,70.02206156657292
525_2021_883_3,70.23720720734025
525_2021_883_4,70.2582966993422
525_2022_883_1,71.54453283996796
525_2022_883_2,70.06073283876367
525_2022_883_3,67.9545308505586
525_2022_883_4,71.20882142819241
525_2023_883_1,69.30031088035813
525_2023_883_2,68.31905577758711
525_2023_883_3,69.4880320537857
525_2023_883_4,68.21009263180372
525_2024_883_1,69.27240028789821
525_2024_883_2,69.86475962663059
525_2024_883_3,68.94736960180816
525_2024_883_4,69.1828630355966
525_2025_883_1,67.75487164640779
525_2025_883_2,67.99546452055226
525_2025_883_3,67.24460762430368
525_2025_883_4,68.04786680440566
527_2019_875_1,72.06689029716411
527_2019_875_2,69.26885756095129
527_2019_875_3,69.67274315707945
527_2019_875_4,70.61587508604532
527_2020_2000_1,70.55108561265564
527_2020_2000_2,68.57891473628017
527_2020_2000_3,70.13907781432019
527_2020_2000_4,70.63417192731987
527_2021_875_1,70.33249111999227
527_2021_875_2,70.71597493176044
527_2021_875_3,71.02181925146358
527_2021_875_4,69.67018526715867
527_2022_875_1,70.4084261857
527_2022_875_2,68.3927158295758
527_2022_875_3,68.19740968034657
527_2022_875_4,69.23276408729137
527_2024_875_1,68.57802854912237
527_2024_875_2,68.33002726084163
527_2024_875_3,67.55776541660974
527_2024_875_4,67.88923991548904
527_2025_936_1,71.38556718121822
527_2025_936_2,68.30023637263537
527_2025_936_3,70.71479813407825
527_2025_936_4,66.98822571040384
528_2019_765_1,69.12488508644965
528_2019_765_2,68.96808171746665
528_2019_765_3,69.24734689874467
528_2019_765_4,68.35249570848598
528_2020_765_1,69.41187772520303
528_2020_765_2,73.0284250362484
528_2020_765_3,70.38916286066336
528_2020_765_4,69.17909987886205
528_2021_765_1,71.6243232522501
528_2021_765_2,68.04942529006752
528_2021_765_3,68.70050159513897
528_2021_765_4,71.27671240425622
528_2022_765_1,66.45904204997561
528_2022_765_2,67.79977019905664
528_2022_765_3,70.39839468074383
528_2022_765_4,69.24264992725762
528_2024_765_1,69.25701531444159
528_2024_765_2,67.36085963946445
528_2024_765_3,67.1669527549891
528_2024_765_4,70.47970522294256
528_2025_765_1,70.46911357365786
528_2025_765_2,68.28387028512994
528_2025_765_3,69.52475039387014
528_2025_765_4,71.92338460584918
533_2020_893_1,72.40181505274595
533_2020_893_2,72.58487412669103
533_2020_893_3,71.99486350191683
533_2020_893_4,71.51311526912167
534_2021_244_1,71.0936272621463
534_2021_244_2,71.63676338945504
534_2021_244_3,71.54825359839279
534_2021_244_4,71.42737797089697
535_2021_744_1,73.71519909047942
535_2021_744_2,73.6491206208947
535_2021_744_3,72.93649052306017
535_2021_744_4,73.68942642416994
536_2021_14_1,74.81460457739934
536_2021_14_2,72.59151294790186
536_2021_14_3,73.19575473235071
536_2021_14_4,73.39386727596376
538_2021_902_1,70.84439017127082
538_2021_902_2,72.12285503962252
538_2021_902_3,70.17999265154589
538_2021_902_4,69.65941828566761
540_2022_978_1,69.2135087619717
540_2022_978_2,69.75964337498053
540_2022_978_3,69.51896243686161
540_2022_978_4,68.98002287032662
540_2023_978_1,68.77948101197671
540_2023_978_2,69.33690679119036
540_2023_978_3,68.82321557112311
540_2023_978_4,68.15486118505349
540_2024_978_1,69.22408823965952
540_2024_978_2,68.90803580926345
540_2024_978_3,68.06178412051469
540_2024_978_4,68.75045374500789
540_2025_978_1,68.20074962662292
540_2025_978_2,68.0243557174208
540_2025_978_3,68.55108571474454
540_2025_978_4,68.77493452081711
541_2022_977_1,71.80705133722672
541_2022_977_2,72.33358306143654
541_2022_977_3,70.80618281169984
541_2022_977_4,70.63836746055567
541_2023_977_1,69.16435005610899
541_2023_977_2,68.6073664289573
541_2023_977_3,68.29597471056928
541_2023_977_4,71.52863257023381
541_2024_977_1,67.95462425249698
541_2024_977_2,68.2063565783845
541_2024_977_3,68.58807392080791
541_2024_977_4,68.34009826692775
541_2025_977_1,69.02847479774701
541_2025_977_2,68.92374978559485
541_2025_977_3,70.4239264308211
541_2025_977_4,69.87387369585012
543_2023_926_1,70.10323506743588
543_2023_926_2,69.92751478557395
543_2023_926_3,69.68826536229342
543_2023_926_4,70.16370252667741
544_2023_746_1,68.69003197987428
544_2023_746_2,68.55664649004291
544_2023_746_3,69.86029198388239
544_2023_746_4,70.0603488164164
545_2023_538_1,69.88274038670517
545_2023_538_2,67.83585130781776
545_2023_538_3,68.12388054587015
545_2023_538_4,67.2963814642203
546_2023_875_1,69.25226259283241
546_2023_875_2,72.05196109065797
546_2023_875_3,69.53727194089262
546_2023_875_4,69.56777574054323
547_2023_919_1,68.43343462805609
547_2023_919_2,68.2541620608933
547_2023_919_3,68.29398504873903
547_2023_919_4,66.39467167653908
548_2023_765_1,66.6066122282844
548_2023_765_2,66.90401816195998
548_2023_765_3,67.63926516141973
548_2023_765_4,67.43631513545552
549_2023_776_1,67.87582336683215
549_2023_776_2,66.69819246885388
549_2023_776_3,65.90216858397099
549_2023_776_4,66.21492604464493
549_2023_889_1,69.57547669364887
549_2023_889_2,69.01278800996396
54_2017_746_1,71.66883487006399
54_2017_746_2,71.78417651365662
54_2017_746_3,72.60434695701636
54_2017_746_4,72.78984652261173
54_2018_746_1,71.77314465919345
54_2018_746_2,71.66203452210192
54_2018_746_3,70.78193060637474
54_2018_746_4,70.47844044488629
54_2019_746_1,71.10355129965842
54_2019_746_2,70.86090743797807
54_2019_746_3,71.03626385621462
54_2019_746_4,70.54999713556109
54_2020_746_1,70.91726350456162
54_2020_746_2,71.56063238186854
54_2020_746_3,70.98439045147292
54_2020_746_4,70.80592114330429
54_2021_746_1,70.43436831317177
54_2021_746_2,69.4849162626688
54_2021_746_3,69.11726111605417
54_2021_746_4,69.43137602118478
54_2022_746_1,71.37642086343891
54_2022_746_2,70.47131860043048
54_2022_746_3,69.80145653602747
54_2022_746_4,70.24563524000374
54_2024_746_1,67.89121388159177
54_2024_746_2,68.59941768316892
54_2024_746_3,68.72864716249104
54_2024_746_4,68.23914035785765
54_2025_746_1,69.2381486818517
54_2025_746_2,69.00948077780464
54_2025_746_3,68.40740663923955
54_2025_746_4,68.95168737283359
550_2023_232_1,71.98895128393637
550_2023_232_2,70.83243819677759
550_2023_232_3,70.12589091488832
550_2023_232_4,69.51931004131933
553_2024_925_1,68.81365546950532
553_2024_925_2,68.3442228139624
553_2024_925_3,68.33414240222271
553_2024_925_4,68.56735966616702
553_2025_925_1,68.50677335906117
553_2025_925_2,69.06721390431235
553_2025_925_3,69.79498841740478
553_2025_925_4,68.28261363191936
554_2024_930_1,67.47569056191884
554_2024_930_2,67.90029218203563
554_2024_930_3,67.60653534787211
554_2024_930_4,68.4136491303672
554_2025_930_1,68.96991368461721
554_2025_930_2,69.18046774554821
554_2025_930_3,67.26526626305147
554_2025_930_4,68.48977985183595
5_2017_205_1,73.60125396887346
5_2017_205_2,71.59771691103558
5_2017_205_3,73.32689098480962
5_2017_5_1,74.83222564465555
5_2017_5_2,72.45744138938942
5_2017_5_3,71.86966172755578
5_2017_5_4,71.87244195412518
5_2017_769_1,73.56052303510123
5_2017_769_2,70.52587558996731
5_2017_769_3,71.602213864133
5_2018_205_1,71.70842698073523
5_2018_205_2,71.62503691154967
5_2018_205_3,72.95260376630073
5_2018_5_1,71.55818440027898
5_2018_5_2,72.62147446337815
5_2018_5_3,72.76399800366761
5_2018_5_4,72.81431559642698
5_2018_769_1,69.82162870309998
5_2018_769_2,70.2361612439449
5_2018_769_3,71.16587489158812
5_2019_205_1,71.86774526189294
5_2019_205_2,71.75569563204095
5_2019_205_3,71.28289750124651
5_2019_5_1,71.21776771058646
5_2019_5_2,72.81186618747962
5_2019_5_3,73.25344383985957
5_2019_5_4,71.45600679024042
5_2019_769_1,68.98827610390092
5_2019_769_2,70.92356690774866
5_2019_769_3,71.79543938628566
5_2020_205_1,71.94334217159792
5_2020_205_2,72.49271526614086
5_2020_205_3,73.82816641616955
5_2020_5_1,71.66523467352832
5_2020_5_2,70.86877225964722
5_2020_5_3,71.95782156174705
5_2020_5_4,74.75326535420304
5_2020_769_1,69.87336913508972
5_2020_769_2,69.0295885769785
5_2020_769_3,69.70475338142346
5_2021_205_1,71.77821819724014
5_2021_205_2,72.54736241350653
5_2021_5_1,69.64798574978352
5_2021_5_2,71.66008405949938
5_2021_5_3,71.6783533196679
5_2021_5_4,70.62652398388857
5_2022_205_1,71.15493832024046
5_2022_205_2,71.3451928756826
5_2022_205_3,71.59862672789967
5_2022_5_1,70.02637939535578
5_2022_5_2,69.2645816542204
5_2022_5_3,69.52697043944909
5_2022_5_4,71.30501541124809
5_2022_769_1,68.97104057831271
5_2022_769_2,69.12989995798867
5_2022_769_3,69.8849559372974
5_2023_205_1,71.84182333816032
5_2023_205_2,71.81615103390781
5_2023_205_3,71.46211803610012
5_2023_5_1,69.76897978410209
5_2023_5_2,71.35320154395215
5_2023_5_3,71.31906983556338
5_2023_5_4,70.04221563969114
5_2023_769_1,68.70990254560303
5_2023_769_2,68.90164618867246
5_2023_769_3,69.36859358522048
5_2024_205_1,70.60384759819269
5_2024_205_2,70.64352504918163
5_2024_5_1,70.82329184926324
5_2024_5_2,69.65132785696315
5_2024_5_3,69.11878024160285
5_2025_205_1,69.73364045131224
5_2025_205_2,70.050615020394
5_2025_5_1,68.030214473316
5_2025_5_2,69.92684554227388
5_2025_5_3,71.45323167975697
5_2025_5_4,69.571985017342
60_2017_688_1,71.59796780164355
60_2017_688_2,71.22334438421545
60_2017_688_3,71.94876180866038
60_2017_688_4,72.17421969288722
60_2018_688_1,71.29738183847674
60_2018_688_2,72.35895313594102
60_2018_688_3,71.05384835629417
60_2018_688_4,71.71540105619238
60_2019_688_1,70.93245804152434
60_2019_688_2,72.16160604265643
60_2019_688_3,71.79075089339085
60_2019_688_4,72.01989265799907
60_2020_688_1,70.11247144511843
60_2020_688_2,70.7096493436735
60_2020_688_3,70.00680906908102
60_2020_688_4,70.4706174242477
60_2021_688_1,70.04404869247145
60_2021_688_2,69.9723643309296
60_2021_688_3,70.42031997458884
60_2021_688_4,69.89811512287102
60_2022_688_1,68.9957389484976
60_2022_688_2,69.06083317914812
60_2022_688_3,68.09140379512603
60_2022_688_4,69.84607473083564
60_2023_688_1,69.00935971251693
60_2023_688_2,69.4399633186687
60_2023_688_3,70.43721742027327
60_2023_688_4,69.50112179206043
60_2024_933_1,69.06624807186532
60_2024_933_2,69.32924553498648
60_2024_933_3,69.99221393920126
60_2024_933_4,68.45515291585326
60_2025_688_1,67.75020815757239
60_2025_688_2,67.28108144797213
60_2025_688_3,70.04526425611374
60_2025_688_4,68.10942248902953
6_2017_6_1,69.01997812834749
6_2017_6_2,69.06520804851675
6_2017_6_3,69.29848577763472
6_2017_6_4,69.37257130446338
6_2018_6_1,69.46613977924046
6_2018_6_2,69.51657847251244
6_2018_6_3,69.16550757332757
6_2018_6_4,68.91896450424167
6_2019_6_1,69.68634405796658
6_2019_6_2,68.97189825754052
6_2019_6_3,68.64788523543797
6_2019_6_4,68.59334187299521
6_2020_6_1,71.9056489955663
6_2020_6_2,70.15725699270635
6_2020_6_3,69.94263562185716
6_2020_6_4,69.13511869651371
6_2021_6_1,67.85416017703322
6_2021_6_2,68.06924540083318
6_2021_6_3,66.69425940038225
6_2021_6_4,67.49340111885442
6_2022_6_1,67.37316677424072
6_2022_6_2,67.55079042792977
6_2022_6_3,68.30229576448863
6_2022_6_4,66.77136820401711
6_2023_6_1,68.40751038942449
6_2023_6_2,68.15559815958899
6_2023_6_3,67.18621830089461
6_2023_6_4,67.6926284839159
6_2024_6_1,68.99923793063566
6_2024_6_2,67.41907278456502
6_2024_6_3,67.99634105973074
6_2024_6_4,67.38233336700046
6_2025_6_1,67.90615959519253
6_2025_6_2,67.64304918655628
6_2025_6_3,68.04259221443944
6_2025_6_4,67.47303560407224
6_2026_6_1,67.77241075073036
6_2026_6_2,69.13265659701494
6_2026_6_3,69.67435434282656
6_2026_6_4,67.45806355136716
7_2017_500_1,71.82051465228561
7_2017_500_2,72.42796752805336
7_2017_500_3,71.75628048832901
7_2017_500_4,71.69970888099897
7_2018_500_1,72.68158562725279
7_2018_500_2,72.66402174248182
7_2018_500_3,71.45791558366817
7_2018_500_4,72.22689198857125
7_2019_500_1,70.77047013591576
7_2019_500_2,71.81957836488876
7_2019_500_3,71.4029224888651
7_2019_500_4,72.78758722220306
7_2020_500_1,71.96016069707031
7_2020_500_2,71.75356258507989
7_2020_500_3,71.168223579363
7_2020_500_4,72.76681784503853
7_2021_500_1,71.40145368285914
7_2021_500_2,71.07517063132417
7_2021_500_3,73.76782646702826
7_2021_500_4,70.37278501553214
7_2022_500_1,70.98500118397365
7_2022_500_2,70.51823199165452
7_2022_500_3,69.51786108098602
7_2022_500_4,71.08496032907591
7_2023_500_1,70.72301971134381
7_2023_500_2,71.57185876964937
7_2023_500_3,70.33389642336779
7_2023_500_4,70.5033496387926
7_2024_500_1,70.17739766096119
7_2024_500_2,70.50175683584878
7_2024_500_3,69.31685915916086
7_2024_500_4,70.5645677187982
7_2025_939_1,74.15213513186106
7_2025_939_2,71.72529785230392
7_2025_939_3,72.16771260648267
7_2025_939_4,70.18282358288573
88_2023_922_1,69.22196418923095
88_2023_922_2,67.4606186650567
88_2023_922_3,66.85272896713887
88_2023_922_4,69.27746149516597
88_2023_927_1,70.59685658425454
88_2023_927_2,68.34357193260233
88_2023_927_3,69.25514596877592
88_2023_927_4,69.2320949860305
88_2024_922_1,69.47381541889271
88_2024_922_2,70.3409519667319
88_2024_922_3,67.76116081697725
88_2024_922_4,67.65530290198453
88_2024_927_1,70.80483994402506
88_2024_927_2,73.01647557558717
88_2024_927_3,69.06982332627979
88_2024_927_4,66.93899777492112
88_2025_922_1,68.90342959903192
88_2025_922_2,67.24676725821013
88_2025_922_3,66.83799512938941
88_2025_922_4,68.45499997149003
88_2025_927_1,69.25103928706764
88_2025_927_2,68.49388992942542
88_2025_927_3,67.33175037805597
88_2025_927_4,68.58527565442934
9_2017_9_1,74.70292798250398
9_2017_9_2,73.51137815388287
9_2017_9_3,73.22374500798719
9_2017_9_4,74.49349139197903
9_2018_9_1,72.77788950010233
9_2018_9_2,72.63768657636199
9_2018_9_3,72.25945494267671
9_2018_9_4,73.44523560642759
9_2019_9_1,73.38638613719003
9_2019_9_2,72.42364197434284
9_2019_9_3,72.95477241407364
9_2019_9_4,72.50187676557067
9_2020_9_1,72.90003958446164
9_2020_9_2,74.41141815866351
9_2020_9_3,76.4452347384462
9_2020_9_4,75.58469508917557
9_2021_9_1,73.10981857842687
9_2021_9_2,72.76037151117049
9_2021_9_3,71.23174169587752
9_2021_9_4,75.83544492968261
9_2022_9_1,72.28953828536945
9_2022_9_2,74.33583176843709
9_2022_9_3,74.29758038935796
9_2022_9_4,75.70824407952884
9_2023_9_1,72.01958544138569
9_2023_9_2,73.33645490246772
9_2023_9_3,72.84848259788748
9_2023_9_4,71.9386121960717
9_2024_9_1,71.56155497782275
9_2024_9_2,72.31153690299726
9_2024_9_3,72.64256589113334
9_2024_9_4,73.22495488552917
9_2025_9_1,74.46406910199472
9_2025_9_2,71.78656351803785
9_2025_9_3,71.76108397480593
9_2025_9_4,71.47468563170557
